feature,importance,normalized_importance,cumulative_importance
Census_InternalPrimaryDiagonalDisplaySizeInInches,186360,0.06011612903225806,0.06011612903225806
monitor_dims,145071,0.046797096774193546,0.1069132258064516
AvSigVersion,143461,0.04627774193548387,0.15319096774193547
CityIdentifier,124182,0.040058709677419355,0.19324967741935484
AvSigVersion_encoded,122680,0.0395741935483871,0.23282387096774193
CountryIdentifier,108636,0.03504387096774193,0.26786774193548385
SmartScreen_AVProductsInstalled,107067,0.03453774193548387,0.3024054838709677
Census_FirmwareVersionIdentifier,104754,0.033791612903225805,0.3361970967741935
Census_SystemVolumeTotalCapacity,99832,0.03220387096774194,0.3684009677419354
Census_ProcessorModelIdentifier,99747,0.03217645161290322,0.40057741935483865
primary_drive_c_ratio,99038,0.03194774193548387,0.43252516129032254
non_primary_drive_MB,96071,0.030990645161290322,0.46351580645161283
Census_OEMModelIdentifier,94540,0.030496774193548386,0.49401258064516124
AVProductStatesIdentifier,85051,0.027435806451612903,0.5214483870967741
Census_OSInstallTypeName,76448,0.024660645161290323,0.5461090322580644
LocaleEnglishNameIdentifier,75582,0.024381290322580646,0.570490322580645
Census_OSVersion_encoded,71609,0.023099677419354838,0.5935899999999998
GeoNameIdentifier,70870,0.022861290322580646,0.6164512903225805
Census_OSBuildRevision,70393,0.02270741935483871,0.6391587096774192
Wdft_RegionIdentifier,61951,0.019984193548387097,0.6591429032258063
Census_OSVersion,59881,0.019316451612903227,0.6784593548387094
ProcessorCoreCount_DisplaySizeInInches,59643,0.01923967741935484,0.6976990322580643
Census_OEMNameIdentifier,53352,0.01721032258064516,0.7149093548387094
AppVersion,44942,0.01449741935483871,0.7294067741935482
Census_OSBranch,44942,0.01449741935483871,0.7439041935483869
Screen_Area,43957,0.014179677419354839,0.7580838709677418
Census_OSUILocaleIdentifier,40566,0.013085806451612903,0.7711696774193547
AppVersion_encoded,40226,0.012976129032258064,0.7841458064516128
Census_ChassisTypeName,40024,0.012910967741935484,0.7970567741935483
Census_PrimaryDiskTotalCapacity,39375,0.012701612903225806,0.8097583870967741
Census_OSInstallLanguageIdentifier,39108,0.012615483870967743,0.8223738709677418
Census_FirmwareManufacturerIdentifier,35460,0.011438709677419355,0.8338125806451612
OsBuildLab_encoded,34439,0.011109354838709678,0.8449219354838708
OrganizationIdentifier,31220,0.010070967741935484,0.8549929032258063
OsBuildLab,31072,0.010023225806451612,0.865016129032258
Census_TotalPhysicalRAM,27411,0.008842258064516129,0.8738583870967741
ram_per_processor,26812,0.008649032258064517,0.8825074193548387
IeVerIdentifier,26093,0.008417096774193548,0.8909245161290322
Census_ActivationChannel,25359,0.00818032258064516,0.8991048387096774
OsPlatformSubRelease,23098,0.007450967741935484,0.9065558064516128
Census_OSWUAutoUpdateOptionsName,21829,0.007041612903225807,0.9135974193548386
EngineVersion,21563,0.0069558064516129035,0.9205532258064515
EngineVersion_encoded,19827,0.006395806451612903,0.9269490322580644
Census_MDC2FormFactor,19189,0.00619,0.9331390322580644
SmartScreen,18393,0.005933225806451613,0.939072258064516
Census_ProcessorCoreCount,17947,0.005789354838709677,0.9448616129032257
Census_GenuineStateName,14471,0.004668064516129032,0.9495296774193547
Census_PrimaryDiskTypeName,12366,0.003989032258064516,0.9535187096774191
Wdft_IsGamer,11143,0.0035945161290322583,0.9571132258064514
Census_InternalPrimaryDisplayResolutionHorizontal,10814,0.0034883870967741936,0.9606016129032257
aspect_ratio,9354,0.0030174193548387095,0.9636190322580643
Census_InternalPrimaryDisplayResolutionVertical,9282,0.0029941935483870966,0.9666132258064515
RtpStateBitfield,8850,0.0028548387096774194,0.9694680645161289
SkuEdition,8657,0.0027925806451612905,0.9722606451612902
Census_MDC2FormFactor_new,7407,0.0023893548387096774,0.9746499999999999
OsSuite,7265,0.0023435483870967743,0.9769935483870967
Census_PowerPlatformRoleName,6823,0.002200967741935484,0.9791945161290322
Census_IsSecureBootEnabled,6656,0.0021470967741935485,0.9813416129032257
OsBuild,6498,0.0020961290322580647,0.9834377419354838
AVProductsInstalled,6013,0.0019396774193548387,0.9853774193548387
Census_FlightRing,5887,0.001899032258064516,0.9872764516129032
AVProductsEnabled,5550,0.0017903225806451613,0.9890667741935484
Census_OSEdition,5190,0.0016741935483870968,0.9907409677419354
IsProtected,4344,0.0014012903225806453,0.9921422580645161
Census_OSSkuName,4220,0.0013612903225806452,0.9935035483870968
Firewall,3846,0.0012406451612903225,0.9947441935483871
IsSxsPassiveMode,3672,0.001184516129032258,0.9959287096774193
Census_OSBuildNumber,3638,0.0011735483870967743,0.9971022580645161
Census_HasOpticalDiskDrive,3312,0.0010683870967741935,0.9981706451612903
Census_OSArchitecture,2867,0.0009248387096774194,0.9990954838709677
Processor,2804,0.000904516129032258,1.0
